resid,resname,occupancy,replica_id
26,GLU,0.004999500049995,frame_12
27,LYS,0.0032996700329967,frame_12
28,VAL,0.0006999300069993,frame_12
29,LEU,0.0,frame_12
30,GLU,9.999000099990002e-05,frame_12
31,GLN,0.0034996500349965,frame_12
32,ALA,0.0,frame_12
33,VAL,0.0,frame_12
34,ILE,0.0033996600339966,frame_12
35,ASP,0.0018998100189981,frame_12
36,MET,0.0,frame_12
37,GLN,0.0024997500249975,frame_12
38,GLU,0.0226977302269773,frame_12
39,ASP,9.999000099990002e-05,frame_12
40,LEU,0.0,frame_12
41,VAL,0.0113988601139886,frame_12
42,GLN,0.0222977702229777,frame_12
43,LEU,0.0,frame_12
44,ARG,0.0012998700129987,frame_12
45,GLN,0.0327967203279672,frame_12
46,ALA,0.0,frame_12
47,VAL,0.0,frame_12
48,ALA,0.0042995700429957,frame_12
49,ARG,0.0457954204579542,frame_12
50,THR,0.0,frame_12
51,ILE,9.999000099990002e-05,frame_12
52,ALA,0.0033996600339966,frame_12
53,GLU,0.0047995200479952,frame_12
54,GLU,0.0,frame_12
55,LYS,0.006999300069993,frame_12
56,ARG,0.0895910408959104,frame_12
57,THR,0.0,frame_12
58,GLU,0.0,frame_12
59,GLN,0.0505949405059494,frame_12
60,ARG,0.0788921107889211,frame_12
61,LEU,0.0,frame_12
62,ASN,0.0018998100189981,frame_12
63,GLN,0.0654934506549345,frame_12
64,ASP,0.0122987701229877,frame_12
65,THR,0.0,frame_12
66,GLN,0.0080991900809919,frame_12
67,GLU,0.0540945905409459,frame_12
68,ALA,0.0,frame_12
69,LYS,0.0006999300069993,frame_12
70,LYS,0.0236976302369763,frame_12
71,TRP,0.0177982201779822,frame_12
72,GLU,0.0001999800019998,frame_12
73,ASP,0.0066993300669933,frame_12
74,ARG,0.0642935706429357,frame_12
75,ALA,0.0,frame_12
76,LYS,0.0007999200079992,frame_12
77,LEU,0.0236976302369763,frame_12
78,ALA,0.0,frame_12
79,LEU,0.0,frame_12
80,THR,0.0077992200779922,frame_12
81,ASN,0.0447955204479552,frame_12
82,GLY,0.0038996100389961,frame_12
83,GLU,0.0326967303269673,frame_12
84,GLU,0.0001999800019998,frame_12
85,ASN,0.0150984901509849,frame_12
86,LEU,0.0292970702929707,frame_12
87,ALA,0.0,frame_12
88,ARG,0.0005999400059994,frame_12
89,GLU,0.0277972202779722,frame_12
90,ALA,0.0,frame_12
91,LEU,0.0,frame_12
92,ALA,0.0,frame_12
93,ARG,0.0142985701429857,frame_12
94,LYS,0.0,frame_12
95,LYS,0.0,frame_12
96,SER,0.0033996600339966,frame_12
97,LEU,0.0006999300069993,frame_12
98,THR,0.0,frame_12
99,ASP,9.999000099990002e-05,frame_12
100,THR,0.0041995800419958,frame_12
101,ALA,0.0,frame_12
102,ALA,0.0,frame_12
103,ALA,0.0001999800019998,frame_12
104,TYR,0.0140985901409859,frame_12
105,GLN,0.0,frame_12
106,THR,0.0,frame_12
107,GLN,0.0003999600039996,frame_12
108,LEU,0.0,frame_12
109,ALA,0.0,frame_12
110,GLN,0.0,frame_12
111,GLN,0.0,frame_12
112,ARG,0.0,frame_12
113,THR,0.0,frame_12
114,MET,0.0,frame_12
115,SER,0.0,frame_12
116,GLU,0.0,frame_12
117,ASN,0.0,frame_12
118,LEU,0.0,frame_12
119,ARG,0.0,frame_12
120,ARG,0.0,frame_12
121,ASN,0.0,frame_12
122,LEU,0.0,frame_12
123,ALA,0.0,frame_12
124,ALA,0.0,frame_12
125,LEU,0.0,frame_12
126,GLU,0.0,frame_12
127,ALA,0.0,frame_12
128,LYS,0.0,frame_12
129,ILE,0.0,frame_12
130,SER,0.0,frame_12
131,GLU,0.0,frame_12
132,ALA,0.0,frame_12
133,LYS,0.0,frame_12
134,THR,0.0,frame_12
135,LYS,0.0,frame_12
136,LYS,0.0,frame_12
137,ASN,0.0,frame_12
138,MET,0.0,frame_12
139,LEU,0.0,frame_12
140,GLN,0.0,frame_12
141,ALA,0.0,frame_12
142,ARG,0.0018998100189981,frame_12
143,ALA,0.0,frame_12
144,LYS,0.0001999800019998,frame_12
145,ALA,0.0,frame_12
146,ALA,0.000999900009999,frame_12
147,LYS,0.0004999500049995,frame_12
148,ALA,0.0,frame_12
149,ASN,0.0162983701629837,frame_12
150,ALA,0.0184981501849815,frame_12
151,GLU,0.0088991100889911,frame_12
152,LEU,0.041995800419958,frame_12
153,GLN,0.0098990100989901,frame_12
154,GLN,0.0303969603039696,frame_12
155,THR,0.0151984801519848,frame_12
156,LEU,0.0166983301669833,frame_12
26,GLU,0.010998900109989,frame_22
27,LYS,0.0093990600939906,frame_22
28,VAL,0.0136986301369863,frame_22
29,LEU,0.0,frame_22
30,GLU,0.0001999800019998,frame_22
31,GLN,0.0177982201779822,frame_22
32,ALA,0.0,frame_22
33,VAL,0.0,frame_22
34,ILE,0.0054994500549945,frame_22
35,ASP,0.0128987101289871,frame_22
36,MET,0.0,frame_22
37,GLN,0.0005999400059994,frame_22
38,GLU,0.0097990200979902,frame_22
39,ASP,0.0036996300369963,frame_22
40,LEU,0.0,frame_22
41,VAL,0.0015998400159984,frame_22
42,GLN,0.0028997100289971,frame_22
43,LEU,0.0,frame_22
44,ARG,0.0003999600039996,frame_22
45,GLN,0.0047995200479952,frame_22
46,ALA,0.0,frame_22
47,VAL,0.0,frame_22
48,ALA,0.0,frame_22
49,ARG,0.0004999500049995,frame_22
50,THR,0.0,frame_22
51,ILE,0.0001999800019998,frame_22
52,ALA,9.999000099990002e-05,frame_22
53,GLU,9.999000099990002e-05,frame_22
54,GLU,0.0,frame_22
55,LYS,0.0010998900109989,frame_22
56,ARG,0.006999300069993,frame_22
57,THR,0.0,frame_22
58,GLU,0.0007999200079992,frame_22
59,GLN,0.0132986701329867,frame_22
60,ARG,0.001999800019998,frame_22
61,LEU,0.0,frame_22
62,ASN,0.0086991300869913,frame_22
63,GLN,0.0218978102189781,frame_22
64,ASP,0.0004999500049995,frame_22
65,THR,0.0,frame_22
66,GLN,0.0145985401459854,frame_22
67,GLU,0.0070992900709929,frame_22
68,ALA,0.0,frame_22
69,LYS,0.0,frame_22
70,LYS,0.0173982601739826,frame_22
71,TRP,0.0007999200079992,frame_22
72,GLU,0.0,frame_22
73,ASP,0.0068993100689931,frame_22
74,ARG,0.0268973102689731,frame_22
75,ALA,0.0,frame_22
76,LYS,0.0,frame_22
77,LEU,0.0205979402059794,frame_22
78,ALA,0.0,frame_22
79,LEU,0.0,frame_22
80,THR,0.0066993300669933,frame_22
81,ASN,0.0332966703329667,frame_22
82,GLY,0.0001999800019998,frame_22
83,GLU,0.0127987201279872,frame_22
84,GLU,0.0001999800019998,frame_22
85,ASN,0.0055994400559944,frame_22
86,LEU,0.0027997200279972,frame_22
87,ALA,0.0,frame_22
88,ARG,0.0006999300069993,frame_22
89,GLU,0.0058994100589941,frame_22
90,ALA,0.0,frame_22
91,LEU,0.0,frame_22
92,ALA,0.0004999500049995,frame_22
93,ARG,0.0045995400459954,frame_22
94,LYS,0.0,frame_22
95,LYS,0.0001999800019998,frame_22
96,SER,0.0006999300069993,frame_22
97,LEU,0.0,frame_22
98,THR,0.0,frame_22
99,ASP,0.0,frame_22
100,THR,0.0,frame_22
101,ALA,0.0,frame_22
102,ALA,0.0,frame_22
103,ALA,9.999000099990002e-05,frame_22
104,TYR,0.0,frame_22
105,GLN,0.0,frame_22
106,THR,0.0022997700229977,frame_22
107,GLN,0.0007999200079992,frame_22
108,LEU,0.0,frame_22
109,ALA,0.0,frame_22
110,GLN,0.0028997100289971,frame_22
111,GLN,0.0,frame_22
112,ARG,0.0,frame_22
113,THR,0.0,frame_22
114,MET,0.0,frame_22
115,SER,0.0,frame_22
116,GLU,0.0,frame_22
117,ASN,0.0003999600039996,frame_22
118,LEU,0.0,frame_22
119,ARG,0.0,frame_22
120,ARG,0.0,frame_22
121,ASN,0.0003999600039996,frame_22
122,LEU,0.0,frame_22
123,ALA,0.0,frame_22
124,ALA,0.0,frame_22
125,LEU,0.0,frame_22
126,GLU,0.0,frame_22
127,ALA,0.0,frame_22
128,LYS,9.999000099990002e-05,frame_22
129,ILE,0.0,frame_22
130,SER,0.0,frame_22
131,GLU,0.0,frame_22
132,ALA,0.0,frame_22
133,LYS,0.0,frame_22
134,THR,0.0,frame_22
135,LYS,9.999000099990002e-05,frame_22
136,LYS,0.0,frame_22
137,ASN,0.0,frame_22
138,MET,0.0,frame_22
139,LEU,0.0004999500049995,frame_22
140,GLN,0.0,frame_22
141,ALA,0.0,frame_22
142,ARG,0.003999600039996,frame_22
143,ALA,0.0001999800019998,frame_22
144,LYS,9.999000099990002e-05,frame_22
145,ALA,0.0,frame_22
146,ALA,0.0004999500049995,frame_22
147,LYS,0.0010998900109989,frame_22
148,ALA,0.0,frame_22
149,ASN,0.0011998800119988,frame_22
150,ALA,0.0015998400159984,frame_22
151,GLU,0.000999900009999,frame_22
152,LEU,0.0006999300069993,frame_22
153,GLN,0.0308969103089691,frame_22
154,GLN,0.0362963703629637,frame_22
155,THR,0.0123987601239876,frame_22
156,LEU,0.0356964303569643,frame_22
26,GLU,0.0,frame_19
27,LYS,0.0,frame_19
28,VAL,0.0,frame_19
29,LEU,0.0,frame_19
30,GLU,0.0,frame_19
31,GLN,0.0,frame_19
32,ALA,0.0,frame_19
33,VAL,0.0,frame_19
34,ILE,0.0,frame_19
35,ASP,0.0,frame_19
36,MET,0.0,frame_19
37,GLN,0.0,frame_19
38,GLU,0.0,frame_19
39,ASP,0.0,frame_19
40,LEU,0.0,frame_19
41,VAL,0.0,frame_19
42,GLN,0.0,frame_19
43,LEU,0.0,frame_19
44,ARG,0.0,frame_19
45,GLN,0.0,frame_19
46,ALA,0.0,frame_19
47,VAL,0.0,frame_19
48,ALA,0.0,frame_19
49,ARG,0.0,frame_19
50,THR,0.0,frame_19
51,ILE,0.0,frame_19
52,ALA,0.0,frame_19
53,GLU,0.0,frame_19
54,GLU,0.0,frame_19
55,LYS,0.0,frame_19
56,ARG,0.0,frame_19
57,THR,0.0,frame_19
58,GLU,0.0,frame_19
59,GLN,0.0,frame_19
60,ARG,0.0,frame_19
61,LEU,0.0,frame_19
62,ASN,0.0,frame_19
63,GLN,0.0,frame_19
64,ASP,0.0,frame_19
65,THR,0.0,frame_19
66,GLN,0.0,frame_19
67,GLU,0.0,frame_19
68,ALA,0.0,frame_19
69,LYS,0.0,frame_19
70,LYS,0.0,frame_19
71,TRP,0.0,frame_19
72,GLU,0.0,frame_19
73,ASP,0.0,frame_19
74,ARG,0.0,frame_19
75,ALA,0.0,frame_19
76,LYS,0.0003999600039996,frame_19
77,LEU,0.0001999800019998,frame_19
78,ALA,0.0,frame_19
79,LEU,0.0084991500849915,frame_19
80,THR,0.0225977402259774,frame_19
81,ASN,0.0108989101089891,frame_19
82,GLY,0.0032996700329967,frame_19
83,GLU,0.0002999700029997,frame_19
84,GLU,0.0117988201179882,frame_19
85,ASN,0.0054994500549945,frame_19
86,LEU,0.0,frame_19
87,ALA,0.0,frame_19
88,ARG,0.0084991500849915,frame_19
89,GLU,0.0,frame_19
90,ALA,0.0,frame_19
91,LEU,0.0,frame_19
92,ALA,0.0,frame_19
93,ARG,0.0,frame_19
94,LYS,0.0,frame_19
95,LYS,0.0003999600039996,frame_19
96,SER,0.0,frame_19
97,LEU,0.0,frame_19
98,THR,0.0,frame_19
99,ASP,9.999000099990002e-05,frame_19
100,THR,0.0,frame_19
101,ALA,0.0,frame_19
102,ALA,0.0,frame_19
103,ALA,0.0,frame_19
104,TYR,0.0,frame_19
105,GLN,0.0,frame_19
106,THR,0.0,frame_19
107,GLN,0.0,frame_19
108,LEU,0.0,frame_19
109,ALA,0.0,frame_19
110,GLN,0.0,frame_19
111,GLN,0.0,frame_19
112,ARG,0.0,frame_19
113,THR,0.0,frame_19
114,MET,0.0,frame_19
115,SER,0.0,frame_19
116,GLU,0.0,frame_19
117,ASN,0.0,frame_19
118,LEU,0.0,frame_19
119,ARG,0.0,frame_19
120,ARG,0.0,frame_19
121,ASN,0.0,frame_19
122,LEU,0.0,frame_19
123,ALA,0.0,frame_19
124,ALA,0.0,frame_19
125,LEU,0.0,frame_19
126,GLU,0.0,frame_19
127,ALA,0.0,frame_19
128,LYS,0.0,frame_19
129,ILE,0.0,frame_19
130,SER,0.0,frame_19
131,GLU,0.0,frame_19
132,ALA,0.0,frame_19
133,LYS,0.0,frame_19
134,THR,0.0,frame_19
135,LYS,0.0,frame_19
136,LYS,0.0,frame_19
137,ASN,0.0,frame_19
138,MET,0.0,frame_19
139,LEU,0.0,frame_19
140,GLN,0.0,frame_19
141,ALA,0.0,frame_19
142,ARG,0.0,frame_19
143,ALA,0.0,frame_19
144,LYS,0.0,frame_19
145,ALA,0.0,frame_19
146,ALA,0.0,frame_19
147,LYS,0.0,frame_19
148,ALA,0.0,frame_19
149,ASN,0.0,frame_19
150,ALA,0.0,frame_19
151,GLU,0.0,frame_19
152,LEU,0.0004999500049995,frame_19
153,GLN,0.0,frame_19
154,GLN,0.0001999800019998,frame_19
155,THR,0.0,frame_19
156,LEU,0.0,frame_19
26,GLU,0.0025997400259974,frame_08
27,LYS,0.0,frame_08
28,VAL,0.0,frame_08
29,LEU,0.0,frame_08
30,GLU,0.0,frame_08
31,GLN,0.0003999600039996,frame_08
32,ALA,0.0,frame_08
33,VAL,0.0,frame_08
34,ILE,0.0,frame_08
35,ASP,0.0,frame_08
36,MET,0.0,frame_08
37,GLN,0.0,frame_08
38,GLU,0.0,frame_08
39,ASP,0.0,frame_08
40,LEU,0.0,frame_08
41,VAL,0.0,frame_08
42,GLN,0.0,frame_08
43,LEU,0.0,frame_08
44,ARG,0.0,frame_08
45,GLN,0.0,frame_08
46,ALA,0.0,frame_08
47,VAL,0.0,frame_08
48,ALA,0.0,frame_08
49,ARG,0.0,frame_08
50,THR,0.0,frame_08
51,ILE,0.0,frame_08
52,ALA,0.0,frame_08
53,GLU,0.0,frame_08
54,GLU,0.0,frame_08
55,LYS,0.0,frame_08
56,ARG,0.0,frame_08
57,THR,0.0,frame_08
58,GLU,0.0,frame_08
59,GLN,0.0,frame_08
60,ARG,0.0,frame_08
61,LEU,0.0,frame_08
62,ASN,0.0,frame_08
63,GLN,0.0,frame_08
64,ASP,0.0,frame_08
65,THR,0.0,frame_08
66,GLN,0.0,frame_08
67,GLU,0.0,frame_08
68,ALA,0.0,frame_08
69,LYS,0.0,frame_08
70,LYS,0.0,frame_08
71,TRP,0.0,frame_08
72,GLU,0.0,frame_08
73,ASP,0.0,frame_08
74,ARG,0.0,frame_08
75,ALA,0.0,frame_08
76,LYS,0.0,frame_08
77,LEU,0.0,frame_08
78,ALA,0.0,frame_08
79,LEU,9.999000099990002e-05,frame_08
80,THR,0.0023997600239976,frame_08
81,ASN,0.0002999700029997,frame_08
82,GLY,0.0002999700029997,frame_08
83,GLU,0.0,frame_08
84,GLU,0.0012998700129987,frame_08
85,ASN,0.0,frame_08
86,LEU,0.0,frame_08
87,ALA,0.0,frame_08
88,ARG,0.0,frame_08
89,GLU,0.0,frame_08
90,ALA,0.0,frame_08
91,LEU,0.0,frame_08
92,ALA,0.0,frame_08
93,ARG,0.0,frame_08
94,LYS,0.0,frame_08
95,LYS,0.0,frame_08
96,SER,0.0,frame_08
97,LEU,0.0,frame_08
98,THR,0.0,frame_08
99,ASP,0.0,frame_08
100,THR,0.0,frame_08
101,ALA,0.0,frame_08
102,ALA,0.0,frame_08
103,ALA,0.0,frame_08
104,TYR,0.0,frame_08
105,GLN,0.0,frame_08
106,THR,0.0,frame_08
107,GLN,0.0,frame_08
108,LEU,0.0,frame_08
109,ALA,0.0,frame_08
110,GLN,0.0,frame_08
111,GLN,0.0,frame_08
112,ARG,0.0,frame_08
113,THR,0.0,frame_08
114,MET,0.0,frame_08
115,SER,0.0,frame_08
116,GLU,0.0,frame_08
117,ASN,0.0,frame_08
118,LEU,0.0,frame_08
119,ARG,0.0,frame_08
120,ARG,0.0,frame_08
121,ASN,0.0,frame_08
122,LEU,0.0,frame_08
123,ALA,0.0,frame_08
124,ALA,0.0,frame_08
125,LEU,0.0,frame_08
126,GLU,0.0,frame_08
127,ALA,0.0,frame_08
128,LYS,0.0,frame_08
129,ILE,0.0,frame_08
130,SER,0.0,frame_08
131,GLU,0.0,frame_08
132,ALA,0.0,frame_08
133,LYS,0.0,frame_08
134,THR,0.0,frame_08
135,LYS,0.0,frame_08
136,LYS,0.0,frame_08
137,ASN,0.0,frame_08
138,MET,0.0,frame_08
139,LEU,0.0,frame_08
140,GLN,0.0,frame_08
141,ALA,0.0,frame_08
142,ARG,0.0,frame_08
143,ALA,0.0,frame_08
144,LYS,0.0,frame_08
145,ALA,0.0,frame_08
146,ALA,0.0,frame_08
147,LYS,0.0002999700029997,frame_08
148,ALA,0.0,frame_08
149,ASN,0.0,frame_08
150,ALA,0.0013998600139986,frame_08
151,GLU,0.0022997700229977,frame_08
152,LEU,0.0,frame_08
153,GLN,0.0042995700429957,frame_08
154,GLN,0.0081991800819918,frame_08
155,THR,0.0065993400659934,frame_08
156,LEU,0.0082991700829917,frame_08
26,GLU,9.999000099990002e-05,frame_18
27,LYS,0.0,frame_18
28,VAL,0.0,frame_18
29,LEU,0.0,frame_18
30,GLU,0.0,frame_18
31,GLN,0.0,frame_18
32,ALA,0.0,frame_18
33,VAL,0.0,frame_18
34,ILE,0.0,frame_18
35,ASP,0.0,frame_18
36,MET,0.0,frame_18
37,GLN,0.0,frame_18
38,GLU,0.0,frame_18
39,ASP,0.0,frame_18
40,LEU,0.0,frame_18
41,VAL,0.0,frame_18
42,GLN,0.0,frame_18
43,LEU,0.0,frame_18
44,ARG,0.0,frame_18
45,GLN,0.0,frame_18
46,ALA,0.0,frame_18
47,VAL,0.0,frame_18
48,ALA,0.0,frame_18
49,ARG,0.0,frame_18
50,THR,0.0,frame_18
51,ILE,0.0,frame_18
52,ALA,0.0,frame_18
53,GLU,0.0,frame_18
54,GLU,0.0,frame_18
55,LYS,0.0,frame_18
56,ARG,0.0001999800019998,frame_18
57,THR,0.0,frame_18
58,GLU,0.0,frame_18
59,GLN,0.0,frame_18
60,ARG,0.0020997900209979,frame_18
61,LEU,0.0,frame_18
62,ASN,0.0,frame_18
63,GLN,0.0,frame_18
64,ASP,0.0,frame_18
65,THR,0.0,frame_18
66,GLN,0.0,frame_18
67,GLU,0.0,frame_18
68,ALA,0.0,frame_18
69,LYS,0.0,frame_18
70,LYS,0.0,frame_18
71,TRP,9.999000099990002e-05,frame_18
72,GLU,0.0,frame_18
73,ASP,0.0002999700029997,frame_18
74,ARG,0.0020997900209979,frame_18
75,ALA,0.0,frame_18
76,LYS,0.0002999700029997,frame_18
77,LEU,0.0042995700429957,frame_18
78,ALA,0.0,frame_18
79,LEU,0.0088991100889911,frame_18
80,THR,0.0241975802419758,frame_18
81,ASN,0.0272972702729727,frame_18
82,GLY,0.0121987801219878,frame_18
83,GLU,0.0120987901209879,frame_18
84,GLU,0.0142985701429857,frame_18
85,ASN,0.0253974602539746,frame_18
86,LEU,0.005999400059994,frame_18
87,ALA,0.0,frame_18
88,ARG,0.0078992100789921,frame_18
89,GLU,0.0117988201179882,frame_18
90,ALA,0.0,frame_18
91,LEU,0.0,frame_18
92,ALA,0.0006999300069993,frame_18
93,ARG,0.0087991200879912,frame_18
94,LYS,0.0,frame_18
95,LYS,0.0,frame_18
96,SER,0.0008999100089991,frame_18
97,LEU,9.999000099990002e-05,frame_18
98,THR,0.0,frame_18
99,ASP,0.0,frame_18
100,THR,0.0,frame_18
101,ALA,0.0,frame_18
102,ALA,0.0,frame_18
103,ALA,0.0,frame_18
104,TYR,0.0002999700029997,frame_18
105,GLN,0.0,frame_18
106,THR,0.0,frame_18
107,GLN,0.0,frame_18
108,LEU,0.0,frame_18
109,ALA,0.0,frame_18
110,GLN,0.0,frame_18
111,GLN,0.0,frame_18
112,ARG,0.0,frame_18
113,THR,0.0,frame_18
114,MET,0.0,frame_18
115,SER,0.0,frame_18
116,GLU,0.0,frame_18
117,ASN,0.0,frame_18
118,LEU,0.0,frame_18
119,ARG,0.0,frame_18
120,ARG,0.0,frame_18
121,ASN,0.0,frame_18
122,LEU,0.0,frame_18
123,ALA,0.0,frame_18
124,ALA,0.0,frame_18
125,LEU,0.0,frame_18
126,GLU,0.0,frame_18
127,ALA,0.0,frame_18
128,LYS,0.0,frame_18
129,ILE,0.0,frame_18
130,SER,0.0,frame_18
131,GLU,0.0,frame_18
132,ALA,0.0,frame_18
133,LYS,0.0,frame_18
134,THR,0.0,frame_18
135,LYS,0.0,frame_18
136,LYS,0.0,frame_18
137,ASN,0.0,frame_18
138,MET,0.0,frame_18
139,LEU,0.0,frame_18
140,GLN,0.0,frame_18
141,ALA,0.0,frame_18
142,ARG,0.0,frame_18
143,ALA,0.0,frame_18
144,LYS,0.0,frame_18
145,ALA,0.0,frame_18
146,ALA,0.0,frame_18
147,LYS,0.0,frame_18
148,ALA,0.0,frame_18
149,ASN,0.0,frame_18
150,ALA,0.0,frame_18
151,GLU,0.0,frame_18
152,LEU,0.0003999600039996,frame_18
153,GLN,0.0,frame_18
154,GLN,0.0,frame_18
155,THR,0.0,frame_18
156,LEU,0.0005999400059994,frame_18
26,GLU,0.0,frame_15
27,LYS,0.0,frame_15
28,VAL,0.0,frame_15
29,LEU,0.0,frame_15
30,GLU,0.0,frame_15
31,GLN,0.0,frame_15
32,ALA,0.0,frame_15
33,VAL,0.0,frame_15
34,ILE,0.0,frame_15
35,ASP,0.0,frame_15
36,MET,0.0,frame_15
37,GLN,0.0,frame_15
38,GLU,0.0,frame_15
39,ASP,0.0,frame_15
40,LEU,0.0,frame_15
41,VAL,0.0,frame_15
42,GLN,0.0,frame_15
43,LEU,0.0,frame_15
44,ARG,0.0,frame_15
45,GLN,0.0,frame_15
46,ALA,0.0,frame_15
47,VAL,0.0,frame_15
48,ALA,0.0,frame_15
49,ARG,0.0,frame_15
50,THR,0.0,frame_15
51,ILE,0.0,frame_15
52,ALA,0.0,frame_15
53,GLU,0.0,frame_15
54,GLU,0.0,frame_15
55,LYS,0.0,frame_15
56,ARG,0.0,frame_15
57,THR,0.0,frame_15
58,GLU,0.0,frame_15
59,GLN,0.0,frame_15
60,ARG,0.0,frame_15
61,LEU,0.0,frame_15
62,ASN,0.0,frame_15
63,GLN,0.0,frame_15
64,ASP,0.0,frame_15
65,THR,0.0,frame_15
66,GLN,0.0002999700029997,frame_15
67,GLU,0.0,frame_15
68,ALA,0.0,frame_15
69,LYS,0.0,frame_15
70,LYS,0.0,frame_15
71,TRP,0.0,frame_15
72,GLU,0.0,frame_15
73,ASP,0.0002999700029997,frame_15
74,ARG,0.0005999400059994,frame_15
75,ALA,0.0,frame_15
76,LYS,9.999000099990002e-05,frame_15
77,LEU,0.0027997200279972,frame_15
78,ALA,0.0,frame_15
79,LEU,0.0097990200979902,frame_15
80,THR,0.0364963503649635,frame_15
81,ASN,0.0366963303669633,frame_15
82,GLY,0.0143985601439856,frame_15
83,GLU,0.0124987501249875,frame_15
84,GLU,0.0056994300569943,frame_15
85,ASN,0.0033996600339966,frame_15
86,LEU,0.0016998300169983,frame_15
87,ALA,0.0,frame_15
88,ARG,9.999000099990002e-05,frame_15
89,GLU,0.0002999700029997,frame_15
90,ALA,0.0,frame_15
91,LEU,0.0,frame_15
92,ALA,0.0,frame_15
93,ARG,0.0,frame_15
94,LYS,0.0,frame_15
95,LYS,0.0,frame_15
96,SER,0.0,frame_15
97,LEU,0.0,frame_15
98,THR,0.0,frame_15
99,ASP,0.0,frame_15
100,THR,0.0,frame_15
101,ALA,0.0,frame_15
102,ALA,0.0,frame_15
103,ALA,0.0,frame_15
104,TYR,0.0,frame_15
105,GLN,0.0,frame_15
106,THR,0.0,frame_15
107,GLN,0.0,frame_15
108,LEU,0.0,frame_15
109,ALA,0.0,frame_15
110,GLN,0.0,frame_15
111,GLN,0.0,frame_15
112,ARG,0.0,frame_15
113,THR,0.0,frame_15
114,MET,0.0,frame_15
115,SER,0.0,frame_15
116,GLU,0.0,frame_15
117,ASN,0.0,frame_15
118,LEU,0.0,frame_15
119,ARG,0.0,frame_15
120,ARG,0.0,frame_15
121,ASN,0.0,frame_15
122,LEU,0.0,frame_15
123,ALA,0.0,frame_15
124,ALA,0.0,frame_15
125,LEU,0.0,frame_15
126,GLU,0.0,frame_15
127,ALA,0.0,frame_15
128,LYS,0.0,frame_15
129,ILE,0.0,frame_15
130,SER,0.0,frame_15
131,GLU,0.0,frame_15
132,ALA,0.0,frame_15
133,LYS,0.0,frame_15
134,THR,0.0,frame_15
135,LYS,0.0,frame_15
136,LYS,0.0,frame_15
137,ASN,0.0,frame_15
138,MET,0.0,frame_15
139,LEU,0.0,frame_15
140,GLN,0.0,frame_15
141,ALA,0.0,frame_15
142,ARG,0.0,frame_15
143,ALA,0.0,frame_15
144,LYS,0.0,frame_15
145,ALA,0.0,frame_15
146,ALA,0.0,frame_15
147,LYS,0.0,frame_15
148,ALA,0.0,frame_15
149,ASN,0.0,frame_15
150,ALA,0.0,frame_15
151,GLU,0.0,frame_15
152,LEU,0.0,frame_15
153,GLN,0.0,frame_15
154,GLN,0.0,frame_15
155,THR,0.0,frame_15
156,LEU,0.0,frame_15
26,GLU,0.0001999800019998,frame_25
27,LYS,0.0,frame_25
28,VAL,0.0,frame_25
29,LEU,0.0,frame_25
30,GLU,0.0,frame_25
31,GLN,0.0,frame_25
32,ALA,0.0,frame_25
33,VAL,0.0,frame_25
34,ILE,0.0,frame_25
35,ASP,0.0,frame_25
36,MET,0.0,frame_25
37,GLN,0.0,frame_25
38,GLU,0.0,frame_25
39,ASP,0.0,frame_25
40,LEU,0.0,frame_25
41,VAL,0.0,frame_25
42,GLN,0.0,frame_25
43,LEU,0.0,frame_25
44,ARG,0.0,frame_25
45,GLN,0.0,frame_25
46,ALA,0.0,frame_25
47,VAL,0.0,frame_25
48,ALA,0.0,frame_25
49,ARG,0.0,frame_25
50,THR,0.0,frame_25
51,ILE,0.0,frame_25
52,ALA,0.0,frame_25
53,GLU,0.0,frame_25
54,GLU,0.0,frame_25
55,LYS,0.0,frame_25
56,ARG,0.0,frame_25
57,THR,0.0,frame_25
58,GLU,0.0,frame_25
59,GLN,0.0,frame_25
60,ARG,0.0,frame_25
61,LEU,0.0,frame_25
62,ASN,0.0,frame_25
63,GLN,0.0,frame_25
64,ASP,0.0,frame_25
65,THR,0.0,frame_25
66,GLN,0.0,frame_25
67,GLU,0.0,frame_25
68,ALA,0.0,frame_25
69,LYS,0.0,frame_25
70,LYS,0.0,frame_25
71,TRP,0.0,frame_25
72,GLU,0.0,frame_25
73,ASP,0.0,frame_25
74,ARG,0.0,frame_25
75,ALA,0.0,frame_25
76,LYS,0.0,frame_25
77,LEU,0.0,frame_25
78,ALA,0.0,frame_25
79,LEU,0.0,frame_25
80,THR,0.0,frame_25
81,ASN,0.0,frame_25
82,GLY,0.0,frame_25
83,GLU,0.0,frame_25
84,GLU,0.0,frame_25
85,ASN,0.0,frame_25
86,LEU,0.0,frame_25
87,ALA,0.0,frame_25
88,ARG,0.0,frame_25
89,GLU,0.0,frame_25
90,ALA,0.0,frame_25
91,LEU,0.0,frame_25
92,ALA,0.0,frame_25
93,ARG,0.0,frame_25
94,LYS,0.0,frame_25
95,LYS,0.0,frame_25
96,SER,0.0,frame_25
97,LEU,0.0,frame_25
98,THR,0.0,frame_25
99,ASP,0.0,frame_25
100,THR,0.0,frame_25
101,ALA,0.0,frame_25
102,ALA,0.0,frame_25
103,ALA,0.0,frame_25
104,TYR,0.0,frame_25
105,GLN,0.0,frame_25
106,THR,0.0,frame_25
107,GLN,0.0,frame_25
108,LEU,0.0,frame_25
109,ALA,0.0,frame_25
110,GLN,0.0,frame_25
111,GLN,0.0,frame_25
112,ARG,0.0,frame_25
113,THR,0.0,frame_25
114,MET,0.0,frame_25
115,SER,0.0,frame_25
116,GLU,0.0,frame_25
117,ASN,0.0,frame_25
118,LEU,0.0,frame_25
119,ARG,0.0,frame_25
120,ARG,0.0,frame_25
121,ASN,0.0,frame_25
122,LEU,0.0,frame_25
123,ALA,0.0,frame_25
124,ALA,0.0,frame_25
125,LEU,0.0,frame_25
126,GLU,0.0,frame_25
127,ALA,0.0,frame_25
128,LYS,0.0,frame_25
129,ILE,0.0,frame_25
130,SER,0.0,frame_25
131,GLU,0.0,frame_25
132,ALA,0.0,frame_25
133,LYS,0.0,frame_25
134,THR,0.0,frame_25
135,LYS,0.0,frame_25
136,LYS,0.0,frame_25
137,ASN,0.0,frame_25
138,MET,0.0,frame_25
139,LEU,0.0,frame_25
140,GLN,0.0,frame_25
141,ALA,0.0,frame_25
142,ARG,0.0,frame_25
143,ALA,0.0,frame_25
144,LYS,0.0,frame_25
145,ALA,0.0,frame_25
146,ALA,0.0,frame_25
147,LYS,0.0,frame_25
148,ALA,0.0,frame_25
149,ASN,0.0,frame_25
150,ALA,0.0,frame_25
151,GLU,0.0001999800019998,frame_25
152,LEU,9.999000099990002e-05,frame_25
153,GLN,0.0121987801219878,frame_25
154,GLN,0.0211978802119788,frame_25
155,THR,0.0131986801319868,frame_25
156,LEU,0.0258974102589741,frame_25
26,GLU,0.0087991200879912,frame_14
27,LYS,0.0008999100089991,frame_14
28,VAL,0.0,frame_14
29,LEU,0.0,frame_14
30,GLU,0.0001999800019998,frame_14
31,GLN,0.0022997700229977,frame_14
32,ALA,0.0,frame_14
33,VAL,0.0,frame_14
34,ILE,0.0,frame_14
35,ASP,0.0,frame_14
36,MET,0.0,frame_14
37,GLN,0.0,frame_14
38,GLU,0.0,frame_14
39,ASP,0.0,frame_14
40,LEU,0.0,frame_14
41,VAL,0.0,frame_14
42,GLN,0.0,frame_14
43,LEU,0.0,frame_14
44,ARG,0.0,frame_14
45,GLN,0.0,frame_14
46,ALA,0.0,frame_14
47,VAL,0.0,frame_14
48,ALA,0.0,frame_14
49,ARG,0.0,frame_14
50,THR,0.0,frame_14
51,ILE,0.0,frame_14
52,ALA,0.0,frame_14
53,GLU,0.0,frame_14
54,GLU,0.0,frame_14
55,LYS,0.0,frame_14
56,ARG,0.0,frame_14
57,THR,0.0,frame_14
58,GLU,0.0,frame_14
59,GLN,0.0,frame_14
60,ARG,0.0,frame_14
61,LEU,0.0,frame_14
62,ASN,0.0,frame_14
63,GLN,0.0,frame_14
64,ASP,0.0,frame_14
65,THR,0.0,frame_14
66,GLN,0.0,frame_14
67,GLU,0.0,frame_14
68,ALA,0.0,frame_14
69,LYS,0.0,frame_14
70,LYS,0.0,frame_14
71,TRP,0.0,frame_14
72,GLU,0.0,frame_14
73,ASP,0.0,frame_14
74,ARG,0.0,frame_14
75,ALA,0.0,frame_14
76,LYS,0.0,frame_14
77,LEU,0.0,frame_14
78,ALA,0.0,frame_14
79,LEU,0.0,frame_14
80,THR,0.0,frame_14
81,ASN,0.0,frame_14
82,GLY,0.0,frame_14
83,GLU,0.0,frame_14
84,GLU,0.0,frame_14
85,ASN,0.0,frame_14
86,LEU,0.0,frame_14
87,ALA,0.0,frame_14
88,ARG,0.0,frame_14
89,GLU,0.0,frame_14
90,ALA,0.0,frame_14
91,LEU,0.0,frame_14
92,ALA,0.0,frame_14
93,ARG,0.0,frame_14
94,LYS,0.0,frame_14
95,LYS,0.0,frame_14
96,SER,0.0,frame_14
97,LEU,0.0,frame_14
98,THR,0.0,frame_14
99,ASP,0.0,frame_14
100,THR,0.0,frame_14
101,ALA,0.0,frame_14
102,ALA,0.0,frame_14
103,ALA,0.0,frame_14
104,TYR,0.0,frame_14
105,GLN,0.0,frame_14
106,THR,0.0,frame_14
107,GLN,0.0,frame_14
108,LEU,0.0,frame_14
109,ALA,0.0,frame_14
110,GLN,0.0,frame_14
111,GLN,0.0,frame_14
112,ARG,0.0,frame_14
113,THR,0.0,frame_14
114,MET,0.0,frame_14
115,SER,0.0,frame_14
116,GLU,0.0,frame_14
117,ASN,0.0,frame_14
118,LEU,0.0,frame_14
119,ARG,0.0,frame_14
120,ARG,0.0,frame_14
121,ASN,0.0,frame_14
122,LEU,0.0,frame_14
123,ALA,0.0,frame_14
124,ALA,0.0,frame_14
125,LEU,0.0,frame_14
126,GLU,0.0,frame_14
127,ALA,0.0,frame_14
128,LYS,0.0,frame_14
129,ILE,0.0,frame_14
130,SER,0.0,frame_14
131,GLU,0.0,frame_14
132,ALA,0.0,frame_14
133,LYS,0.0,frame_14
134,THR,0.0,frame_14
135,LYS,0.0,frame_14
136,LYS,0.0,frame_14
137,ASN,0.0,frame_14
138,MET,0.0,frame_14
139,LEU,0.0,frame_14
140,GLN,0.0,frame_14
141,ALA,0.0,frame_14
142,ARG,0.0,frame_14
143,ALA,0.0,frame_14
144,LYS,0.0001999800019998,frame_14
145,ALA,0.0,frame_14
146,ALA,0.0,frame_14
147,LYS,0.0156984301569843,frame_14
148,ALA,0.002999700029997,frame_14
149,ASN,0.0012998700129987,frame_14
150,ALA,0.0228977102289771,frame_14
151,GLU,0.0362963703629637,frame_14
152,LEU,0.0288971102889711,frame_14
153,GLN,0.0130986901309869,frame_14
154,GLN,0.0068993100689931,frame_14
155,THR,0.0138986101389861,frame_14
156,LEU,0.0098990100989901,frame_14
26,GLU,0.0006999300069993,frame_11
27,LYS,0.0047995200479952,frame_11
28,VAL,0.0008999100089991,frame_11
29,LEU,9.999000099990002e-05,frame_11
30,GLU,0.0003999600039996,frame_11
31,GLN,0.0010998900109989,frame_11
32,ALA,0.0,frame_11
33,VAL,0.0,frame_11
34,ILE,0.0,frame_11
35,ASP,9.999000099990002e-05,frame_11
36,MET,0.0,frame_11
37,GLN,0.0001999800019998,frame_11
38,GLU,0.0,frame_11
39,ASP,0.0,frame_11
40,LEU,0.0,frame_11
41,VAL,0.0,frame_11
42,GLN,0.0,frame_11
43,LEU,0.0,frame_11
44,ARG,0.0011998800119988,frame_11
45,GLN,9.999000099990002e-05,frame_11
46,ALA,0.0,frame_11
47,VAL,0.0,frame_11
48,ALA,0.0,frame_11
49,ARG,0.0,frame_11
50,THR,0.0,frame_11
51,ILE,0.0,frame_11
52,ALA,0.0,frame_11
53,GLU,0.0,frame_11
54,GLU,9.999000099990002e-05,frame_11
55,LYS,0.000999900009999,frame_11
56,ARG,0.0,frame_11
57,THR,0.0,frame_11
58,GLU,0.001999800019998,frame_11
59,GLN,9.999000099990002e-05,frame_11
60,ARG,0.0,frame_11
61,LEU,0.0,frame_11
62,ASN,0.0003999600039996,frame_11
63,GLN,0.0001999800019998,frame_11
64,ASP,0.0,frame_11
65,THR,0.0006999300069993,frame_11
66,GLN,0.0042995700429957,frame_11
67,GLU,0.0,frame_11
68,ALA,0.0,frame_11
69,LYS,0.005999400059994,frame_11
70,LYS,0.0005999400059994,frame_11
71,TRP,0.0,frame_11
72,GLU,0.0080991900809919,frame_11
73,ASP,0.0113988601139886,frame_11
74,ARG,0.0,frame_11
75,ALA,0.0,frame_11
76,LYS,0.0472952704729527,frame_11
77,LEU,0.0120987901209879,frame_11
78,ALA,0.0,frame_11
79,LEU,0.0527947205279472,frame_11
80,THR,0.0681931806819318,frame_11
81,ASN,0.0387961203879612,frame_11
82,GLY,0.0155984401559844,frame_11
83,GLU,0.0017998200179982,frame_11
84,GLU,0.0393960603939606,frame_11
85,ASN,0.0161983801619838,frame_11
86,LEU,0.0,frame_11
87,ALA,0.0,frame_11
88,ARG,0.0643935606439356,frame_11
89,GLU,0.0057994200579942,frame_11
90,ALA,0.0,frame_11
91,LEU,0.0285971402859714,frame_11
92,ALA,0.0095990400959904,frame_11
93,ARG,0.0,frame_11
94,LYS,0.001999800019998,frame_11
95,LYS,0.0521947805219478,frame_11
96,SER,0.0010998900109989,frame_11
97,LEU,0.0,frame_11
98,THR,0.0053994600539946,frame_11
99,ASP,0.0377962203779622,frame_11
100,THR,0.0022997700229977,frame_11
101,ALA,0.0,frame_11
102,ALA,0.0117988201179882,frame_11
103,ALA,0.0048995100489951,frame_11
104,TYR,0.0,frame_11
105,GLN,0.0053994600539946,frame_11
106,THR,0.0252974702529747,frame_11
107,GLN,0.0013998600139986,frame_11
108,LEU,0.0,frame_11
109,ALA,0.0046995300469953,frame_11
110,GLN,0.0112988701129887,frame_11
111,GLN,0.0,frame_11
112,ARG,0.0021997800219978,frame_11
113,THR,0.0132986701329867,frame_11
114,MET,0.0003999600039996,frame_11
115,SER,0.0,frame_11
116,GLU,0.0068993100689931,frame_11
117,ASN,0.010998900109989,frame_11
118,LEU,0.0,frame_11
119,ARG,0.0007999200079992,frame_11
120,ARG,0.0307969203079692,frame_11
121,ASN,0.0024997500249975,frame_11
122,LEU,0.0,frame_11
123,ALA,0.0,frame_11
124,ALA,0.0014998500149985,frame_11
125,LEU,0.0,frame_11
126,GLU,0.0005999400059994,frame_11
127,ALA,0.0005999400059994,frame_11
128,LYS,0.0014998500149985,frame_11
129,ILE,0.0,frame_11
130,SER,0.0,frame_11
131,GLU,0.0006999300069993,frame_11
132,ALA,0.0,frame_11
133,LYS,0.0,frame_11
134,THR,9.999000099990002e-05,frame_11
135,LYS,0.0006999300069993,frame_11
136,LYS,0.0,frame_11
137,ASN,0.0,frame_11
138,MET,0.0004999500049995,frame_11
139,LEU,0.0,frame_11
140,GLN,0.0,frame_11
141,ALA,9.999000099990002e-05,frame_11
142,ARG,0.0010998900109989,frame_11
143,ALA,0.0,frame_11
144,LYS,0.0,frame_11
145,ALA,0.0,frame_11
146,ALA,0.0,frame_11
147,LYS,9.999000099990002e-05,frame_11
148,ALA,0.0,frame_11
149,ASN,0.0040995900409959,frame_11
150,ALA,0.0023997600239976,frame_11
151,GLU,0.0013998600139986,frame_11
152,LEU,0.0150984901509849,frame_11
153,GLN,0.007999200079992,frame_11
154,GLN,0.0290970902909709,frame_11
155,THR,0.0274972502749725,frame_11
156,LEU,0.0265973402659734,frame_11
26,GLU,0.0043995600439956,frame_21
27,LYS,0.0101989801019898,frame_21
28,VAL,0.0008999100089991,frame_21
29,LEU,0.0,frame_21
30,GLU,0.0030996900309969,frame_21
31,GLN,0.0475952404759524,frame_21
32,ALA,0.0,frame_21
33,VAL,0.0,frame_21
34,ILE,0.0412958704129587,frame_21
35,ASP,0.0078992100789921,frame_21
36,MET,0.0,frame_21
37,GLN,0.0085991400859914,frame_21
38,GLU,0.1297870212978702,frame_21
39,ASP,0.0048995100489951,frame_21
40,LEU,9.999000099990002e-05,frame_21
41,VAL,0.0418958104189581,frame_21
42,GLN,0.1068893110688931,frame_21
43,LEU,0.0,frame_21
44,ARG,0.001999800019998,frame_21
45,GLN,0.1726827317268273,frame_21
46,ALA,0.0001999800019998,frame_21
47,VAL,0.0,frame_21
48,ALA,0.0238976102389761,frame_21
49,ARG,0.2116788321167883,frame_21
50,THR,9.999000099990002e-05,frame_21
51,ILE,0.0001999800019998,frame_21
52,ALA,0.0230976902309769,frame_21
53,GLU,0.055994400559944,frame_21
54,GLU,0.0,frame_21
55,LYS,0.0107989201079892,frame_21
56,ARG,0.262973702629737,frame_21
57,THR,0.0001999800019998,frame_21
58,GLU,0.0007999200079992,frame_21
59,GLN,0.0796920307969203,frame_21
60,ARG,0.1701829817018298,frame_21
61,LEU,0.0,frame_21
62,ASN,0.0111988801119888,frame_21
63,GLN,0.1680831916808319,frame_21
64,ASP,0.0204979502049795,frame_21
65,THR,0.0,frame_21
66,GLN,0.0354964503549645,frame_21
67,GLU,0.1337866213378662,frame_21
68,ALA,0.0,frame_21
69,LYS,0.0024997500249975,frame_21
70,LYS,0.1054894510548945,frame_21
71,TRP,0.048995100489951,frame_21
72,GLU,9.999000099990002e-05,frame_21
73,ASP,0.0083991600839916,frame_21
74,ARG,0.1607839216078392,frame_21
75,ALA,0.0,frame_21
76,LYS,0.0020997900209979,frame_21
77,LEU,0.0651934806519348,frame_21
78,ALA,0.0,frame_21
79,LEU,0.0006999300069993,frame_21
80,THR,0.0190980901909809,frame_21
81,ASN,0.0916908309169083,frame_21
82,GLY,0.016998300169983,frame_21
83,GLU,0.0813918608139186,frame_21
84,GLU,0.0136986301369863,frame_21
85,ASN,0.0563943605639436,frame_21
86,LEU,0.0552944705529447,frame_21
87,ALA,0.0,frame_21
88,ARG,0.0161983801619838,frame_21
89,GLU,0.0415958404159584,frame_21
90,ALA,0.0,frame_21
91,LEU,9.999000099990002e-05,frame_21
92,ALA,0.0008999100089991,frame_21
93,ARG,0.0786921307869213,frame_21
94,LYS,0.0,frame_21
95,LYS,0.0005999400059994,frame_21
96,SER,0.0096990300969903,frame_21
97,LEU,0.0032996700329967,frame_21
98,THR,0.0,frame_21
99,ASP,0.0012998700129987,frame_21
100,THR,0.0094990500949905,frame_21
101,ALA,0.0,frame_21
102,ALA,0.0001999800019998,frame_21
103,ALA,9.999000099990002e-05,frame_21
104,TYR,0.0301969803019698,frame_21
105,GLN,0.0,frame_21
106,THR,0.0001999800019998,frame_21
107,GLN,0.0073992600739926,frame_21
108,LEU,0.0,frame_21
109,ALA,0.0,frame_21
110,GLN,9.999000099990002e-05,frame_21
111,GLN,0.0005999400059994,frame_21
112,ARG,0.0001999800019998,frame_21
113,THR,0.0,frame_21
114,MET,0.0003999600039996,frame_21
115,SER,0.0,frame_21
116,GLU,9.999000099990002e-05,frame_21
117,ASN,0.0,frame_21
118,LEU,9.999000099990002e-05,frame_21
119,ARG,0.0002999700029997,frame_21
120,ARG,9.999000099990002e-05,frame_21
121,ASN,0.0,frame_21
122,LEU,0.0,frame_21
123,ALA,0.0,frame_21
124,ALA,0.0,frame_21
125,LEU,0.0,frame_21
126,GLU,0.0,frame_21
127,ALA,0.0,frame_21
128,LYS,0.0,frame_21
129,ILE,0.0,frame_21
130,SER,0.0,frame_21
131,GLU,0.0,frame_21
132,ALA,0.0,frame_21
133,LYS,9.999000099990002e-05,frame_21
134,THR,0.0005999400059994,frame_21
135,LYS,0.0,frame_21
136,LYS,0.0,frame_21
137,ASN,0.0042995700429957,frame_21
138,MET,0.0011998800119988,frame_21
139,LEU,0.0,frame_21
140,GLN,0.0010998900109989,frame_21
141,ALA,9.999000099990002e-05,frame_21
142,ARG,0.0,frame_21
143,ALA,0.0,frame_21
144,LYS,0.0033996600339966,frame_21
145,ALA,0.0,frame_21
146,ALA,0.0,frame_21
147,LYS,0.0103989601039896,frame_21
148,ALA,0.0005999400059994,frame_21
149,ASN,0.0,frame_21
150,ALA,0.0,frame_21
151,GLU,0.0107989201079892,frame_21
152,LEU,0.0102989701029897,frame_21
153,GLN,0.0023997600239976,frame_21
154,GLN,0.0052994700529947,frame_21
155,THR,0.0271972802719728,frame_21
156,LEU,0.0572942705729427,frame_21
26,GLU,0.0,frame_10
27,LYS,0.0,frame_10
28,VAL,0.0,frame_10
29,LEU,0.0,frame_10
30,GLU,0.0,frame_10
31,GLN,0.0,frame_10
32,ALA,0.0,frame_10
33,VAL,0.0,frame_10
34,ILE,0.0,frame_10
35,ASP,0.0,frame_10
36,MET,0.0,frame_10
37,GLN,0.0,frame_10
38,GLU,0.0,frame_10
39,ASP,0.0,frame_10
40,LEU,0.0,frame_10
41,VAL,0.0,frame_10
42,GLN,0.0,frame_10
43,LEU,0.0,frame_10
44,ARG,0.0,frame_10
45,GLN,0.0,frame_10
46,ALA,0.0,frame_10
47,VAL,0.0,frame_10
48,ALA,0.0,frame_10
49,ARG,0.0,frame_10
50,THR,0.0,frame_10
51,ILE,0.0,frame_10
52,ALA,0.0,frame_10
53,GLU,0.0,frame_10
54,GLU,0.0,frame_10
55,LYS,0.0,frame_10
56,ARG,0.0,frame_10
57,THR,0.0,frame_10
58,GLU,0.0,frame_10
59,GLN,0.0,frame_10
60,ARG,0.0,frame_10
61,LEU,0.0,frame_10
62,ASN,0.0,frame_10
63,GLN,0.0,frame_10
64,ASP,0.0,frame_10
65,THR,0.0,frame_10
66,GLN,0.0,frame_10
67,GLU,0.0,frame_10
68,ALA,0.0,frame_10
69,LYS,0.0,frame_10
70,LYS,0.0,frame_10
71,TRP,0.0,frame_10
72,GLU,0.0,frame_10
73,ASP,9.999000099990002e-05,frame_10
74,ARG,0.0,frame_10
75,ALA,0.0,frame_10
76,LYS,0.0022997700229977,frame_10
77,LEU,9.999000099990002e-05,frame_10
78,ALA,0.0,frame_10
79,LEU,0.0030996900309969,frame_10
80,THR,0.0087991200879912,frame_10
81,ASN,0.0022997700229977,frame_10
82,GLY,0.0012998700129987,frame_10
83,GLU,0.0,frame_10
84,GLU,0.0010998900109989,frame_10
85,ASN,0.0,frame_10
86,LEU,0.0,frame_10
87,ALA,0.0,frame_10
88,ARG,0.0,frame_10
89,GLU,0.0,frame_10
90,ALA,0.0,frame_10
91,LEU,0.0,frame_10
92,ALA,0.0,frame_10
93,ARG,0.0,frame_10
94,LYS,0.0,frame_10
95,LYS,0.0,frame_10
96,SER,0.0,frame_10
97,LEU,0.0,frame_10
98,THR,0.0,frame_10
99,ASP,0.0,frame_10
100,THR,0.0,frame_10
101,ALA,0.0,frame_10
102,ALA,0.0,frame_10
103,ALA,0.0,frame_10
104,TYR,0.0,frame_10
105,GLN,0.0,frame_10
106,THR,0.0,frame_10
107,GLN,0.0,frame_10
108,LEU,0.0,frame_10
109,ALA,0.0,frame_10
110,GLN,0.0,frame_10
111,GLN,0.0,frame_10
112,ARG,0.0,frame_10
113,THR,0.0,frame_10
114,MET,0.0,frame_10
115,SER,0.0,frame_10
116,GLU,0.0,frame_10
117,ASN,0.0,frame_10
118,LEU,0.0,frame_10
119,ARG,0.0,frame_10
120,ARG,0.0,frame_10
121,ASN,0.0,frame_10
122,LEU,0.0,frame_10
123,ALA,0.0,frame_10
124,ALA,0.0,frame_10
125,LEU,0.0,frame_10
126,GLU,0.0,frame_10
127,ALA,0.0,frame_10
128,LYS,0.0,frame_10
129,ILE,0.0,frame_10
130,SER,0.0,frame_10
131,GLU,0.0,frame_10
132,ALA,0.0,frame_10
133,LYS,0.0,frame_10
134,THR,0.0,frame_10
135,LYS,0.0,frame_10
136,LYS,0.0,frame_10
137,ASN,0.0,frame_10
138,MET,0.0,frame_10
139,LEU,0.0,frame_10
140,GLN,0.0,frame_10
141,ALA,0.0,frame_10
142,ARG,0.0,frame_10
143,ALA,0.0,frame_10
144,LYS,0.0,frame_10
145,ALA,0.0,frame_10
146,ALA,0.0,frame_10
147,LYS,0.0,frame_10
148,ALA,0.0,frame_10
149,ASN,0.0,frame_10
150,ALA,0.0,frame_10
151,GLU,0.0,frame_10
152,LEU,0.0,frame_10
153,GLN,0.0,frame_10
154,GLN,0.0,frame_10
155,THR,0.0,frame_10
156,LEU,0.0,frame_10
26,GLU,0.0,frame_07
27,LYS,0.0,frame_07
28,VAL,0.0,frame_07
29,LEU,0.0,frame_07
30,GLU,0.0,frame_07
31,GLN,0.0,frame_07
32,ALA,0.0,frame_07
33,VAL,0.0,frame_07
34,ILE,0.0,frame_07
35,ASP,0.0,frame_07
36,MET,0.0,frame_07
37,GLN,0.0,frame_07
38,GLU,0.0,frame_07
39,ASP,0.0,frame_07
40,LEU,0.0,frame_07
41,VAL,0.0,frame_07
42,GLN,0.0,frame_07
43,LEU,0.0,frame_07
44,ARG,0.0,frame_07
45,GLN,0.0,frame_07
46,ALA,0.0,frame_07
47,VAL,0.0,frame_07
48,ALA,0.0,frame_07
49,ARG,0.0,frame_07
50,THR,0.0,frame_07
51,ILE,0.0,frame_07
52,ALA,0.0,frame_07
53,GLU,0.0,frame_07
54,GLU,0.0,frame_07
55,LYS,0.0,frame_07
56,ARG,0.0,frame_07
57,THR,0.0,frame_07
58,GLU,0.0,frame_07
59,GLN,0.0,frame_07
60,ARG,0.0,frame_07
61,LEU,0.0,frame_07
62,ASN,0.0,frame_07
63,GLN,0.0,frame_07
64,ASP,0.0,frame_07
65,THR,0.0,frame_07
66,GLN,0.0,frame_07
67,GLU,0.0,frame_07
68,ALA,0.0,frame_07
69,LYS,0.0,frame_07
70,LYS,0.0,frame_07
71,TRP,0.0,frame_07
72,GLU,0.0,frame_07
73,ASP,0.0,frame_07
74,ARG,0.0,frame_07
75,ALA,0.0,frame_07
76,LYS,0.0,frame_07
77,LEU,0.0,frame_07
78,ALA,0.0,frame_07
79,LEU,0.0,frame_07
80,THR,0.0,frame_07
81,ASN,0.0,frame_07
82,GLY,0.0,frame_07
83,GLU,0.0,frame_07
84,GLU,0.0,frame_07
85,ASN,0.0,frame_07
86,LEU,0.0,frame_07
87,ALA,0.0,frame_07
88,ARG,0.0,frame_07
89,GLU,0.0,frame_07
90,ALA,0.0,frame_07
91,LEU,0.0,frame_07
92,ALA,0.0,frame_07
93,ARG,0.0,frame_07
94,LYS,0.0,frame_07
95,LYS,0.0,frame_07
96,SER,0.0,frame_07
97,LEU,0.0,frame_07
98,THR,0.0,frame_07
99,ASP,0.0,frame_07
100,THR,0.0,frame_07
101,ALA,0.0,frame_07
102,ALA,0.0,frame_07
103,ALA,0.0,frame_07
104,TYR,0.0,frame_07
105,GLN,0.0,frame_07
106,THR,0.0,frame_07
107,GLN,0.0,frame_07
108,LEU,0.0,frame_07
109,ALA,0.0,frame_07
110,GLN,0.0,frame_07
111,GLN,0.0,frame_07
112,ARG,0.0,frame_07
113,THR,0.0,frame_07
114,MET,0.0,frame_07
115,SER,0.0,frame_07
116,GLU,0.0,frame_07
117,ASN,0.0,frame_07
118,LEU,0.0,frame_07
119,ARG,0.0,frame_07
120,ARG,0.0,frame_07
121,ASN,0.0,frame_07
122,LEU,0.0,frame_07
123,ALA,0.0,frame_07
124,ALA,0.0,frame_07
125,LEU,0.0,frame_07
126,GLU,0.0,frame_07
127,ALA,0.0,frame_07
128,LYS,0.0,frame_07
129,ILE,0.0,frame_07
130,SER,0.0,frame_07
131,GLU,0.0,frame_07
132,ALA,0.0,frame_07
133,LYS,0.0,frame_07
134,THR,0.0,frame_07
135,LYS,0.0,frame_07
136,LYS,0.0,frame_07
137,ASN,0.0,frame_07
138,MET,0.0,frame_07
139,LEU,0.0,frame_07
140,GLN,0.0,frame_07
141,ALA,0.0,frame_07
142,ARG,0.0,frame_07
143,ALA,0.0,frame_07
144,LYS,0.0,frame_07
145,ALA,0.0,frame_07
146,ALA,0.0,frame_07
147,LYS,0.0,frame_07
148,ALA,0.0,frame_07
149,ASN,0.0,frame_07
150,ALA,0.0,frame_07
151,GLU,0.0,frame_07
152,LEU,0.0,frame_07
153,GLN,0.0,frame_07
154,GLN,0.0,frame_07
155,THR,0.0,frame_07
156,LEU,0.0,frame_07
26,GLU,0.0,frame_17
27,LYS,0.0,frame_17
28,VAL,0.0,frame_17
29,LEU,0.0,frame_17
30,GLU,0.0,frame_17
31,GLN,0.0,frame_17
32,ALA,0.0,frame_17
33,VAL,0.0,frame_17
34,ILE,0.0,frame_17
35,ASP,0.0,frame_17
36,MET,0.0,frame_17
37,GLN,0.0,frame_17
38,GLU,0.0,frame_17
39,ASP,0.0,frame_17
40,LEU,0.0,frame_17
41,VAL,0.0,frame_17
42,GLN,0.0,frame_17
43,LEU,0.0,frame_17
44,ARG,0.0,frame_17
45,GLN,0.0,frame_17
46,ALA,0.0,frame_17
47,VAL,0.0,frame_17
48,ALA,0.0,frame_17
49,ARG,0.0,frame_17
50,THR,0.0,frame_17
51,ILE,0.0,frame_17
52,ALA,0.0,frame_17
53,GLU,0.0,frame_17
54,GLU,0.0,frame_17
55,LYS,0.0,frame_17
56,ARG,0.0,frame_17
57,THR,0.0,frame_17
58,GLU,0.0,frame_17
59,GLN,0.0,frame_17
60,ARG,0.0,frame_17
61,LEU,0.0,frame_17
62,ASN,0.0,frame_17
63,GLN,0.0,frame_17
64,ASP,0.0,frame_17
65,THR,0.0,frame_17
66,GLN,0.0,frame_17
67,GLU,0.0,frame_17
68,ALA,0.0,frame_17
69,LYS,0.0,frame_17
70,LYS,0.0,frame_17
71,TRP,0.0,frame_17
72,GLU,0.0,frame_17
73,ASP,0.0,frame_17
74,ARG,0.0,frame_17
75,ALA,0.0,frame_17
76,LYS,0.0,frame_17
77,LEU,0.0,frame_17
78,ALA,0.0,frame_17
79,LEU,0.0,frame_17
80,THR,0.0,frame_17
81,ASN,0.0,frame_17
82,GLY,0.0,frame_17
83,GLU,0.0,frame_17
84,GLU,0.0,frame_17
85,ASN,0.0,frame_17
86,LEU,0.0,frame_17
87,ALA,0.0,frame_17
88,ARG,0.0,frame_17
89,GLU,0.0,frame_17
90,ALA,0.0,frame_17
91,LEU,0.0,frame_17
92,ALA,0.0,frame_17
93,ARG,0.0,frame_17
94,LYS,0.0,frame_17
95,LYS,0.0,frame_17
96,SER,0.0,frame_17
97,LEU,0.0,frame_17
98,THR,0.0,frame_17
99,ASP,0.0,frame_17
100,THR,0.0,frame_17
101,ALA,0.0,frame_17
102,ALA,0.0,frame_17
103,ALA,0.0,frame_17
104,TYR,0.0,frame_17
105,GLN,0.0,frame_17
106,THR,0.0,frame_17
107,GLN,0.0,frame_17
108,LEU,0.0,frame_17
109,ALA,0.0,frame_17
110,GLN,0.0,frame_17
111,GLN,0.0,frame_17
112,ARG,0.0,frame_17
113,THR,0.0,frame_17
114,MET,0.0,frame_17
115,SER,0.0,frame_17
116,GLU,0.0,frame_17
117,ASN,0.0,frame_17
118,LEU,0.0,frame_17
119,ARG,0.0,frame_17
120,ARG,0.0,frame_17
121,ASN,0.0,frame_17
122,LEU,0.0,frame_17
123,ALA,0.0,frame_17
124,ALA,0.0,frame_17
125,LEU,0.0,frame_17
126,GLU,0.0,frame_17
127,ALA,0.0,frame_17
128,LYS,0.0,frame_17
129,ILE,0.0,frame_17
130,SER,0.0,frame_17
131,GLU,0.0,frame_17
132,ALA,0.0,frame_17
133,LYS,0.0,frame_17
134,THR,0.0,frame_17
135,LYS,0.0,frame_17
136,LYS,0.0,frame_17
137,ASN,0.0,frame_17
138,MET,0.0,frame_17
139,LEU,0.0,frame_17
140,GLN,0.0,frame_17
141,ALA,0.0,frame_17
142,ARG,0.0,frame_17
143,ALA,0.0,frame_17
144,LYS,0.0,frame_17
145,ALA,0.0,frame_17
146,ALA,0.0,frame_17
147,LYS,0.0001999800019998,frame_17
148,ALA,0.0001999800019998,frame_17
149,ASN,0.0,frame_17
150,ALA,0.0,frame_17
151,GLU,0.000999900009999,frame_17
152,LEU,0.0,frame_17
153,GLN,0.0,frame_17
154,GLN,0.0,frame_17
155,THR,9.999000099990002e-05,frame_17
156,LEU,0.0013998600139986,frame_17
26,GLU,0.0,frame_06
27,LYS,0.0,frame_06
28,VAL,0.0,frame_06
29,LEU,0.0,frame_06
30,GLU,0.0,frame_06
31,GLN,0.0,frame_06
32,ALA,0.0,frame_06
33,VAL,0.0,frame_06
34,ILE,0.0,frame_06
35,ASP,0.0,frame_06
36,MET,0.0,frame_06
37,GLN,0.0,frame_06
38,GLU,0.0,frame_06
39,ASP,0.0,frame_06
40,LEU,0.0,frame_06
41,VAL,0.0,frame_06
42,GLN,0.0,frame_06
43,LEU,0.0,frame_06
44,ARG,0.0,frame_06
45,GLN,0.0,frame_06
46,ALA,0.0,frame_06
47,VAL,0.0,frame_06
48,ALA,0.0,frame_06
49,ARG,0.0,frame_06
50,THR,0.0,frame_06
51,ILE,0.0,frame_06
52,ALA,0.0,frame_06
53,GLU,0.0,frame_06
54,GLU,0.0,frame_06
55,LYS,0.0,frame_06
56,ARG,0.0,frame_06
57,THR,0.0,frame_06
58,GLU,0.0,frame_06
59,GLN,0.0,frame_06
60,ARG,0.0,frame_06
61,LEU,0.0,frame_06
62,ASN,0.0,frame_06
63,GLN,0.0,frame_06
64,ASP,0.0,frame_06
65,THR,0.0,frame_06
66,GLN,0.0,frame_06
67,GLU,0.0,frame_06
68,ALA,0.0,frame_06
69,LYS,0.0,frame_06
70,LYS,0.0,frame_06
71,TRP,0.0,frame_06
72,GLU,0.0,frame_06
73,ASP,0.0,frame_06
74,ARG,0.0,frame_06
75,ALA,0.0,frame_06
76,LYS,0.0,frame_06
77,LEU,0.0,frame_06
78,ALA,0.0,frame_06
79,LEU,0.0,frame_06
80,THR,0.0,frame_06
81,ASN,0.0,frame_06
82,GLY,0.0,frame_06
83,GLU,0.0,frame_06
84,GLU,0.0,frame_06
85,ASN,0.0,frame_06
86,LEU,0.0,frame_06
87,ALA,0.0,frame_06
88,ARG,0.0,frame_06
89,GLU,0.0,frame_06
90,ALA,0.0,frame_06
91,LEU,0.0,frame_06
92,ALA,0.0,frame_06
93,ARG,0.0,frame_06
94,LYS,0.0,frame_06
95,LYS,0.0,frame_06
96,SER,0.0,frame_06
97,LEU,0.0,frame_06
98,THR,0.0,frame_06
99,ASP,0.0,frame_06
100,THR,0.0,frame_06
101,ALA,0.0,frame_06
102,ALA,0.0,frame_06
103,ALA,0.0,frame_06
104,TYR,0.0,frame_06
105,GLN,0.0,frame_06
106,THR,0.0,frame_06
107,GLN,0.0,frame_06
108,LEU,0.0,frame_06
109,ALA,0.0,frame_06
110,GLN,0.0,frame_06
111,GLN,0.0,frame_06
112,ARG,0.0,frame_06
113,THR,0.0,frame_06
114,MET,0.0,frame_06
115,SER,0.0,frame_06
116,GLU,0.0,frame_06
117,ASN,0.0,frame_06
118,LEU,0.0,frame_06
119,ARG,0.0,frame_06
120,ARG,0.0,frame_06
121,ASN,0.0,frame_06
122,LEU,0.0,frame_06
123,ALA,0.0,frame_06
124,ALA,0.0,frame_06
125,LEU,0.0,frame_06
126,GLU,0.0,frame_06
127,ALA,0.0,frame_06
128,LYS,0.0,frame_06
129,ILE,0.0,frame_06
130,SER,0.0,frame_06
131,GLU,0.0,frame_06
132,ALA,0.0,frame_06
133,LYS,0.0,frame_06
134,THR,0.0,frame_06
135,LYS,0.0,frame_06
136,LYS,0.0,frame_06
137,ASN,0.0,frame_06
138,MET,0.0,frame_06
139,LEU,0.0,frame_06
140,GLN,0.0,frame_06
141,ALA,0.0,frame_06
142,ARG,0.0,frame_06
143,ALA,0.0,frame_06
144,LYS,0.0,frame_06
145,ALA,0.0,frame_06
146,ALA,0.0,frame_06
147,LYS,0.0,frame_06
148,ALA,0.0,frame_06
149,ASN,0.0,frame_06
150,ALA,0.0,frame_06
151,GLU,0.0,frame_06
152,LEU,0.0,frame_06
153,GLN,0.0004999500049995,frame_06
154,GLN,0.0013998600139986,frame_06
155,THR,0.0002999700029997,frame_06
156,LEU,0.0011998800119988,frame_06
26,GLU,0.0,frame_24
27,LYS,0.0003999600039996,frame_24
28,VAL,0.0001999800019998,frame_24
29,LEU,0.0,frame_24
30,GLU,0.0,frame_24
31,GLN,0.0,frame_24
32,ALA,0.0,frame_24
33,VAL,0.0,frame_24
34,ILE,0.0,frame_24
35,ASP,0.0,frame_24
36,MET,0.0,frame_24
37,GLN,0.0,frame_24
38,GLU,0.0,frame_24
39,ASP,0.0,frame_24
40,LEU,0.0,frame_24
41,VAL,0.0,frame_24
42,GLN,0.0,frame_24
43,LEU,0.0,frame_24
44,ARG,0.0,frame_24
45,GLN,0.0,frame_24
46,ALA,0.0,frame_24
47,VAL,0.0,frame_24
48,ALA,0.0,frame_24
49,ARG,0.0,frame_24
50,THR,0.0,frame_24
51,ILE,0.0,frame_24
52,ALA,0.0,frame_24
53,GLU,0.0,frame_24
54,GLU,0.0,frame_24
55,LYS,0.0,frame_24
56,ARG,0.0,frame_24
57,THR,0.0,frame_24
58,GLU,0.0,frame_24
59,GLN,0.0,frame_24
60,ARG,0.0,frame_24
61,LEU,0.0,frame_24
62,ASN,0.0,frame_24
63,GLN,0.0,frame_24
64,ASP,0.0,frame_24
65,THR,0.0,frame_24
66,GLN,0.0,frame_24
67,GLU,0.0,frame_24
68,ALA,0.0,frame_24
69,LYS,0.0,frame_24
70,LYS,0.0,frame_24
71,TRP,0.0,frame_24
72,GLU,0.0,frame_24
73,ASP,9.999000099990002e-05,frame_24
74,ARG,0.0,frame_24
75,ALA,0.0,frame_24
76,LYS,0.0,frame_24
77,LEU,0.0030996900309969,frame_24
78,ALA,0.0,frame_24
79,LEU,0.0001999800019998,frame_24
80,THR,0.0190980901909809,frame_24
81,ASN,0.0325967403259674,frame_24
82,GLY,0.0088991100889911,frame_24
83,GLU,0.0075992400759924,frame_24
84,GLU,0.0017998200179982,frame_24
85,ASN,0.0005999400059994,frame_24
86,LEU,0.0001999800019998,frame_24
87,ALA,0.0,frame_24
88,ARG,0.0,frame_24
89,GLU,0.0,frame_24
90,ALA,0.0,frame_24
91,LEU,0.0,frame_24
92,ALA,0.0,frame_24
93,ARG,0.0,frame_24
94,LYS,0.0,frame_24
95,LYS,0.0,frame_24
96,SER,0.0,frame_24
97,LEU,0.0,frame_24
98,THR,0.0,frame_24
99,ASP,0.0,frame_24
100,THR,0.0,frame_24
101,ALA,0.0,frame_24
102,ALA,0.0,frame_24
103,ALA,0.0,frame_24
104,TYR,0.0,frame_24
105,GLN,0.0,frame_24
106,THR,0.0,frame_24
107,GLN,0.0,frame_24
108,LEU,0.0,frame_24
109,ALA,0.0,frame_24
110,GLN,0.0,frame_24
111,GLN,0.0,frame_24
112,ARG,0.0,frame_24
113,THR,0.0,frame_24
114,MET,0.0,frame_24
115,SER,0.0,frame_24
116,GLU,0.0,frame_24
117,ASN,0.0,frame_24
118,LEU,0.0,frame_24
119,ARG,0.0,frame_24
120,ARG,0.0,frame_24
121,ASN,0.0,frame_24
122,LEU,0.0,frame_24
123,ALA,0.0,frame_24
124,ALA,0.0,frame_24
125,LEU,0.0,frame_24
126,GLU,0.0,frame_24
127,ALA,0.0,frame_24
128,LYS,0.0,frame_24
129,ILE,0.0,frame_24
130,SER,0.0,frame_24
131,GLU,0.0,frame_24
132,ALA,0.0,frame_24
133,LYS,0.0,frame_24
134,THR,0.0,frame_24
135,LYS,0.0,frame_24
136,LYS,0.0,frame_24
137,ASN,0.0,frame_24
138,MET,0.0,frame_24
139,LEU,0.0,frame_24
140,GLN,0.0,frame_24
141,ALA,0.0,frame_24
142,ARG,0.0,frame_24
143,ALA,9.999000099990002e-05,frame_24
144,LYS,0.0,frame_24
145,ALA,0.0,frame_24
146,ALA,0.0,frame_24
147,LYS,0.0054994500549945,frame_24
148,ALA,0.0196980301969803,frame_24
149,ASN,0.0254974502549745,frame_24
150,ALA,0.002999700029997,frame_24
151,GLU,0.0090990900909909,frame_24
152,LEU,0.0012998700129987,frame_24
153,GLN,0.0,frame_24
154,GLN,0.0,frame_24
155,THR,0.0,frame_24
156,LEU,9.999000099990002e-05,frame_24
26,GLU,0.0,frame_13
27,LYS,0.0,frame_13
28,VAL,0.0,frame_13
29,LEU,0.0,frame_13
30,GLU,0.0,frame_13
31,GLN,0.0,frame_13
32,ALA,0.0,frame_13
33,VAL,0.0,frame_13
34,ILE,0.0,frame_13
35,ASP,0.0,frame_13
36,MET,0.0,frame_13
37,GLN,0.0,frame_13
38,GLU,0.0,frame_13
39,ASP,0.0,frame_13
40,LEU,0.0,frame_13
41,VAL,0.0,frame_13
42,GLN,0.0,frame_13
43,LEU,0.0,frame_13
44,ARG,0.0,frame_13
45,GLN,0.0,frame_13
46,ALA,0.0,frame_13
47,VAL,0.0,frame_13
48,ALA,0.0,frame_13
49,ARG,0.0,frame_13
50,THR,0.0,frame_13
51,ILE,0.0,frame_13
52,ALA,0.0,frame_13
53,GLU,0.0,frame_13
54,GLU,0.0,frame_13
55,LYS,0.0,frame_13
56,ARG,0.0,frame_13
57,THR,0.0,frame_13
58,GLU,0.0,frame_13
59,GLN,0.0,frame_13
60,ARG,0.0,frame_13
61,LEU,0.0,frame_13
62,ASN,0.0,frame_13
63,GLN,0.0,frame_13
64,ASP,0.0,frame_13
65,THR,0.0,frame_13
66,GLN,0.0,frame_13
67,GLU,0.0,frame_13
68,ALA,0.0,frame_13
69,LYS,0.0,frame_13
70,LYS,0.0,frame_13
71,TRP,0.0,frame_13
72,GLU,0.0,frame_13
73,ASP,0.0,frame_13
74,ARG,0.0,frame_13
75,ALA,0.0,frame_13
76,LYS,0.0,frame_13
77,LEU,0.0,frame_13
78,ALA,0.0,frame_13
79,LEU,0.0001999800019998,frame_13
80,THR,0.0031996800319968,frame_13
81,ASN,0.0166983301669833,frame_13
82,GLY,0.0156984301569843,frame_13
83,GLU,0.0137986201379862,frame_13
84,GLU,0.0053994600539946,frame_13
85,ASN,0.0064993500649935,frame_13
86,LEU,0.0016998300169983,frame_13
87,ALA,0.0,frame_13
88,ARG,0.0004999500049995,frame_13
89,GLU,0.0,frame_13
90,ALA,0.0,frame_13
91,LEU,0.0,frame_13
92,ALA,0.0,frame_13
93,ARG,0.0,frame_13
94,LYS,0.0,frame_13
95,LYS,0.0,frame_13
96,SER,0.0,frame_13
97,LEU,0.0,frame_13
98,THR,0.0,frame_13
99,ASP,0.0,frame_13
100,THR,0.0,frame_13
101,ALA,0.0,frame_13
102,ALA,0.0,frame_13
103,ALA,0.0,frame_13
104,TYR,0.0,frame_13
105,GLN,0.0,frame_13
106,THR,0.0,frame_13
107,GLN,0.0,frame_13
108,LEU,0.0,frame_13
109,ALA,0.0,frame_13
110,GLN,0.0,frame_13
111,GLN,0.0,frame_13
112,ARG,0.0,frame_13
113,THR,0.0,frame_13
114,MET,0.0,frame_13
115,SER,0.0,frame_13
116,GLU,0.0,frame_13
117,ASN,0.0,frame_13
118,LEU,0.0,frame_13
119,ARG,0.0,frame_13
120,ARG,0.0,frame_13
121,ASN,0.0,frame_13
122,LEU,0.0,frame_13
123,ALA,0.0,frame_13
124,ALA,0.0,frame_13
125,LEU,0.0,frame_13
126,GLU,0.0,frame_13
127,ALA,0.0,frame_13
128,LYS,0.0,frame_13
129,ILE,0.0,frame_13
130,SER,0.0,frame_13
131,GLU,0.0,frame_13
132,ALA,0.0,frame_13
133,LYS,0.0,frame_13
134,THR,0.0,frame_13
135,LYS,0.0,frame_13
136,LYS,0.0,frame_13
137,ASN,0.0,frame_13
138,MET,0.0,frame_13
139,LEU,0.0,frame_13
140,GLN,0.0,frame_13
141,ALA,0.0,frame_13
142,ARG,0.0,frame_13
143,ALA,0.0,frame_13
144,LYS,0.0,frame_13
145,ALA,0.0,frame_13
146,ALA,0.0,frame_13
147,LYS,0.0,frame_13
148,ALA,0.0,frame_13
149,ASN,0.0,frame_13
150,ALA,0.0,frame_13
151,GLU,0.0,frame_13
152,LEU,0.0,frame_13
153,GLN,0.0,frame_13
154,GLN,0.0,frame_13
155,THR,0.0,frame_13
156,LEU,0.0,frame_13
26,GLU,9.999000099990002e-05,frame_23
27,LYS,0.0001999800019998,frame_23
28,VAL,0.0,frame_23
29,LEU,0.0,frame_23
30,GLU,0.0,frame_23
31,GLN,0.0,frame_23
32,ALA,0.0,frame_23
33,VAL,0.0,frame_23
34,ILE,0.0,frame_23
35,ASP,0.0,frame_23
36,MET,0.0,frame_23
37,GLN,0.0,frame_23
38,GLU,0.0,frame_23
39,ASP,0.0,frame_23
40,LEU,0.0,frame_23
41,VAL,0.0,frame_23
42,GLN,0.0,frame_23
43,LEU,0.0,frame_23
44,ARG,0.0,frame_23
45,GLN,0.0,frame_23
46,ALA,0.0,frame_23
47,VAL,0.0,frame_23
48,ALA,0.0,frame_23
49,ARG,0.0,frame_23
50,THR,0.0,frame_23
51,ILE,0.0,frame_23
52,ALA,0.0,frame_23
53,GLU,0.0,frame_23
54,GLU,0.0,frame_23
55,LYS,0.0,frame_23
56,ARG,0.0,frame_23
57,THR,0.0,frame_23
58,GLU,0.0,frame_23
59,GLN,0.0,frame_23
60,ARG,0.0,frame_23
61,LEU,0.0,frame_23
62,ASN,0.0,frame_23
63,GLN,0.0,frame_23
64,ASP,0.0,frame_23
65,THR,0.0,frame_23
66,GLN,0.0,frame_23
67,GLU,0.0,frame_23
68,ALA,0.0,frame_23
69,LYS,0.0,frame_23
70,LYS,0.0001999800019998,frame_23
71,TRP,0.0,frame_23
72,GLU,0.0,frame_23
73,ASP,0.0024997500249975,frame_23
74,ARG,0.0050994900509949,frame_23
75,ALA,0.0,frame_23
76,LYS,0.0005999400059994,frame_23
77,LEU,0.010998900109989,frame_23
78,ALA,0.0,frame_23
79,LEU,0.000999900009999,frame_23
80,THR,0.0332966703329667,frame_23
81,ASN,0.0717928207179282,frame_23
82,GLY,0.0218978102189781,frame_23
83,GLU,0.0363963603639636,frame_23
84,GLU,0.0101989801019898,frame_23
85,ASN,0.0154984501549845,frame_23
86,LEU,0.0038996100389961,frame_23
87,ALA,0.0,frame_23
88,ARG,0.001999800019998,frame_23
89,GLU,0.0052994700529947,frame_23
90,ALA,0.0,frame_23
91,LEU,0.0,frame_23
92,ALA,0.0,frame_23
93,ARG,0.0,frame_23
94,LYS,0.0,frame_23
95,LYS,0.0,frame_23
96,SER,0.0,frame_23
97,LEU,0.0,frame_23
98,THR,0.0,frame_23
99,ASP,0.0,frame_23
100,THR,0.0,frame_23
101,ALA,0.0,frame_23
102,ALA,0.0,frame_23
103,ALA,0.0,frame_23
104,TYR,0.0,frame_23
105,GLN,0.0,frame_23
106,THR,0.0,frame_23
107,GLN,0.0,frame_23
108,LEU,0.0,frame_23
109,ALA,0.0,frame_23
110,GLN,0.0,frame_23
111,GLN,0.0,frame_23
112,ARG,0.0,frame_23
113,THR,0.0,frame_23
114,MET,0.0,frame_23
115,SER,0.0,frame_23
116,GLU,0.0,frame_23
117,ASN,0.0,frame_23
118,LEU,0.0,frame_23
119,ARG,0.0,frame_23
120,ARG,0.0,frame_23
121,ASN,0.0,frame_23
122,LEU,0.0,frame_23
123,ALA,0.0,frame_23
124,ALA,0.0,frame_23
125,LEU,0.0,frame_23
126,GLU,0.0,frame_23
127,ALA,0.0,frame_23
128,LYS,0.0,frame_23
129,ILE,0.0,frame_23
130,SER,0.0,frame_23
131,GLU,0.0,frame_23
132,ALA,0.0,frame_23
133,LYS,0.0,frame_23
134,THR,0.0,frame_23
135,LYS,0.0,frame_23
136,LYS,0.0,frame_23
137,ASN,0.0,frame_23
138,MET,0.0,frame_23
139,LEU,0.0,frame_23
140,GLN,0.0,frame_23
141,ALA,0.0,frame_23
142,ARG,0.0,frame_23
143,ALA,0.0,frame_23
144,LYS,9.999000099990002e-05,frame_23
145,ALA,0.0,frame_23
146,ALA,0.0,frame_23
147,LYS,0.0,frame_23
148,ALA,0.0,frame_23
149,ASN,0.0,frame_23
150,ALA,0.0,frame_23
151,GLU,9.999000099990002e-05,frame_23
152,LEU,0.0,frame_23
153,GLN,0.0,frame_23
154,GLN,0.0,frame_23
155,THR,0.0001999800019998,frame_23
156,LEU,0.0012998700129987,frame_23
26,GLU,0.0,frame_09
27,LYS,0.0,frame_09
28,VAL,0.0,frame_09
29,LEU,0.0,frame_09
30,GLU,0.0,frame_09
31,GLN,0.0,frame_09
32,ALA,0.0,frame_09
33,VAL,0.0,frame_09
34,ILE,0.0,frame_09
35,ASP,0.0,frame_09
36,MET,0.0,frame_09
37,GLN,0.0,frame_09
38,GLU,0.0,frame_09
39,ASP,0.0,frame_09
40,LEU,0.0,frame_09
41,VAL,0.0,frame_09
42,GLN,0.0,frame_09
43,LEU,0.0,frame_09
44,ARG,0.0,frame_09
45,GLN,0.0,frame_09
46,ALA,0.0,frame_09
47,VAL,0.0,frame_09
48,ALA,0.0,frame_09
49,ARG,0.0,frame_09
50,THR,0.0,frame_09
51,ILE,0.0,frame_09
52,ALA,0.0,frame_09
53,GLU,0.0,frame_09
54,GLU,0.0,frame_09
55,LYS,0.0,frame_09
56,ARG,0.0,frame_09
57,THR,0.0,frame_09
58,GLU,0.0,frame_09
59,GLN,0.0,frame_09
60,ARG,0.0,frame_09
61,LEU,0.0,frame_09
62,ASN,0.0,frame_09
63,GLN,0.0,frame_09
64,ASP,0.0,frame_09
65,THR,0.0,frame_09
66,GLN,9.999000099990002e-05,frame_09
67,GLU,0.0,frame_09
68,ALA,0.0,frame_09
69,LYS,0.0,frame_09
70,LYS,9.999000099990002e-05,frame_09
71,TRP,0.0,frame_09
72,GLU,0.0,frame_09
73,ASP,0.0003999600039996,frame_09
74,ARG,0.0098990100989901,frame_09
75,ALA,0.0,frame_09
76,LYS,0.0,frame_09
77,LEU,0.0108989101089891,frame_09
78,ALA,0.0,frame_09
79,LEU,0.0,frame_09
80,THR,0.005999400059994,frame_09
81,ASN,0.0195980401959804,frame_09
82,GLY,0.0042995700429957,frame_09
83,GLU,0.0122987701229877,frame_09
84,GLU,0.0,frame_09
85,ASN,9.999000099990002e-05,frame_09
86,LEU,0.0012998700129987,frame_09
87,ALA,0.0,frame_09
88,ARG,0.0,frame_09
89,GLU,0.0,frame_09
90,ALA,0.0,frame_09
91,LEU,0.0,frame_09
92,ALA,0.0,frame_09
93,ARG,0.0,frame_09
94,LYS,0.0,frame_09
95,LYS,0.0,frame_09
96,SER,0.0,frame_09
97,LEU,0.0,frame_09
98,THR,0.0,frame_09
99,ASP,0.0,frame_09
100,THR,0.0,frame_09
101,ALA,0.0,frame_09
102,ALA,0.0,frame_09
103,ALA,0.0,frame_09
104,TYR,0.0,frame_09
105,GLN,0.0,frame_09
106,THR,0.0,frame_09
107,GLN,0.0,frame_09
108,LEU,0.0,frame_09
109,ALA,0.0,frame_09
110,GLN,0.0,frame_09
111,GLN,0.0,frame_09
112,ARG,0.0,frame_09
113,THR,0.0,frame_09
114,MET,0.0,frame_09
115,SER,0.0,frame_09
116,GLU,0.0,frame_09
117,ASN,0.0,frame_09
118,LEU,0.0,frame_09
119,ARG,0.0,frame_09
120,ARG,0.0,frame_09
121,ASN,0.0,frame_09
122,LEU,0.0,frame_09
123,ALA,0.0,frame_09
124,ALA,0.0,frame_09
125,LEU,0.0,frame_09
126,GLU,0.0,frame_09
127,ALA,0.0,frame_09
128,LYS,0.0,frame_09
129,ILE,0.0,frame_09
130,SER,0.0,frame_09
131,GLU,0.0,frame_09
132,ALA,0.0,frame_09
133,LYS,0.0,frame_09
134,THR,0.0,frame_09
135,LYS,0.0,frame_09
136,LYS,0.0,frame_09
137,ASN,0.0,frame_09
138,MET,0.0,frame_09
139,LEU,0.0,frame_09
140,GLN,0.0,frame_09
141,ALA,0.0,frame_09
142,ARG,0.0,frame_09
143,ALA,0.0,frame_09
144,LYS,0.0,frame_09
145,ALA,0.0,frame_09
146,ALA,0.0,frame_09
147,LYS,0.0,frame_09
148,ALA,0.0,frame_09
149,ASN,0.0,frame_09
150,ALA,0.0,frame_09
151,GLU,0.0,frame_09
152,LEU,0.0,frame_09
153,GLN,0.0001999800019998,frame_09
154,GLN,0.0032996700329967,frame_09
155,THR,0.0027997200279972,frame_09
156,LEU,0.0050994900509949,frame_09
26,GLU,0.0121987801219878,frame_20
27,LYS,0.0010998900109989,frame_20
28,VAL,0.0211978802119788,frame_20
29,LEU,0.0003999600039996,frame_20
30,GLU,0.0,frame_20
31,GLN,0.0013998600139986,frame_20
32,ALA,0.0017998200179982,frame_20
33,VAL,0.0,frame_20
34,ILE,0.0,frame_20
35,ASP,0.0076992300769923,frame_20
36,MET,0.0007999200079992,frame_20
37,GLN,0.0,frame_20
38,GLU,0.0,frame_20
39,ASP,0.0047995200479952,frame_20
40,LEU,0.0,frame_20
41,VAL,0.0,frame_20
42,GLN,9.999000099990002e-05,frame_20
43,LEU,9.999000099990002e-05,frame_20
44,ARG,0.0,frame_20
45,GLN,0.0,frame_20
46,ALA,0.0003999600039996,frame_20
47,VAL,0.0,frame_20
48,ALA,0.0,frame_20
49,ARG,0.0,frame_20
50,THR,0.0,frame_20
51,ILE,0.0,frame_20
52,ALA,0.0,frame_20
53,GLU,0.0,frame_20
54,GLU,0.0,frame_20
55,LYS,0.0,frame_20
56,ARG,0.0,frame_20
57,THR,0.0,frame_20
58,GLU,0.0,frame_20
59,GLN,0.0,frame_20
60,ARG,9.999000099990002e-05,frame_20
61,LEU,9.999000099990002e-05,frame_20
62,ASN,0.0,frame_20
63,GLN,0.0006999300069993,frame_20
64,ASP,0.0,frame_20
65,THR,0.0,frame_20
66,GLN,0.0,frame_20
67,GLU,0.0,frame_20
68,ALA,0.0,frame_20
69,LYS,0.0003999600039996,frame_20
70,LYS,0.0008999100089991,frame_20
71,TRP,0.0,frame_20
72,GLU,0.0043995600439956,frame_20
73,ASP,0.0013998600139986,frame_20
74,ARG,0.0034996500349965,frame_20
75,ALA,0.0,frame_20
76,LYS,0.0041995800419958,frame_20
77,LEU,0.008999100089991,frame_20
78,ALA,0.0,frame_20
79,LEU,0.0250974902509749,frame_20
80,THR,0.023997600239976,frame_20
81,ASN,0.0218978102189781,frame_20
82,GLY,0.007999200079992,frame_20
83,GLU,0.0107989201079892,frame_20
84,GLU,0.0507949205079492,frame_20
85,ASN,0.0292970702929707,frame_20
86,LEU,0.0033996600339966,frame_20
87,ALA,0.0,frame_20
88,ARG,0.0846915308469153,frame_20
89,GLU,0.0124987501249875,frame_20
90,ALA,0.0,frame_20
91,LEU,0.0052994700529947,frame_20
92,ALA,0.0072992700729927,frame_20
93,ARG,0.0004999500049995,frame_20
94,LYS,0.000999900009999,frame_20
95,LYS,0.0608939106089391,frame_20
96,SER,0.003999600039996,frame_20
97,LEU,0.0,frame_20
98,THR,0.0020997900209979,frame_20
99,ASP,0.0436956304369563,frame_20
100,THR,0.0002999700029997,frame_20
101,ALA,0.0,frame_20
102,ALA,0.00999900009999,frame_20
103,ALA,0.0044995500449955,frame_20
104,TYR,0.0,frame_20
105,GLN,0.0066993300669933,frame_20
106,THR,0.0381961803819618,frame_20
107,GLN,0.0072992700729927,frame_20
108,LEU,0.0,frame_20
109,ALA,0.0067993200679932,frame_20
110,GLN,0.0416958304169583,frame_20
111,GLN,0.0,frame_20
112,ARG,0.0010998900109989,frame_20
113,THR,0.0376962303769623,frame_20
114,MET,0.010998900109989,frame_20
115,SER,0.0,frame_20
116,GLU,0.0160983901609839,frame_20
117,ASN,0.0380961903809619,frame_20
118,LEU,0.000999900009999,frame_20
119,ARG,0.0,frame_20
120,ARG,0.0497950204979502,frame_20
121,ASN,0.0233976602339766,frame_20
122,LEU,0.0,frame_20
123,ALA,0.0003999600039996,frame_20
124,ALA,0.0064993500649935,frame_20
125,LEU,0.0,frame_20
126,GLU,0.0,frame_20
127,ALA,0.0015998400159984,frame_20
128,LYS,0.0168983101689831,frame_20
129,ILE,0.0,frame_20
130,SER,0.0,frame_20
131,GLU,0.0276972302769723,frame_20
132,ALA,0.0,frame_20
133,LYS,0.0,frame_20
134,THR,0.0017998200179982,frame_20
135,LYS,0.0073992600739926,frame_20
136,LYS,0.0,frame_20
137,ASN,0.0,frame_20
138,MET,0.0185981401859814,frame_20
139,LEU,0.0034996500349965,frame_20
140,GLN,0.0,frame_20
141,ALA,0.0023997600239976,frame_20
142,ARG,0.0690930906909309,frame_20
143,ALA,0.0,frame_20
144,LYS,0.0,frame_20
145,ALA,0.0051994800519948,frame_20
146,ALA,0.0031996800319968,frame_20
147,LYS,0.0002999700029997,frame_20
148,ALA,0.0,frame_20
149,ASN,0.0386961303869613,frame_20
150,ALA,0.0026997300269973,frame_20
151,GLU,0.0,frame_20
152,LEU,0.0150984901509849,frame_20
153,GLN,0.0877912208779122,frame_20
154,GLN,0.0605939406059394,frame_20
155,THR,0.0414958504149585,frame_20
156,LEU,0.1040895910408959,frame_20
26,GLU,0.0,frame_16
27,LYS,0.0,frame_16
28,VAL,0.0,frame_16
29,LEU,0.0,frame_16
30,GLU,0.0,frame_16
31,GLN,0.0,frame_16
32,ALA,0.0,frame_16
33,VAL,0.0,frame_16
34,ILE,0.0,frame_16
35,ASP,0.0,frame_16
36,MET,0.0,frame_16
37,GLN,0.0,frame_16
38,GLU,0.0,frame_16
39,ASP,0.0,frame_16
40,LEU,0.0,frame_16
41,VAL,0.0,frame_16
42,GLN,0.0,frame_16
43,LEU,0.0,frame_16
44,ARG,0.0,frame_16
45,GLN,0.0,frame_16
46,ALA,0.0,frame_16
47,VAL,0.0,frame_16
48,ALA,0.0,frame_16
49,ARG,0.0,frame_16
50,THR,0.0,frame_16
51,ILE,0.0,frame_16
52,ALA,0.0,frame_16
53,GLU,0.0,frame_16
54,GLU,0.0,frame_16
55,LYS,0.0,frame_16
56,ARG,0.0,frame_16
57,THR,0.0,frame_16
58,GLU,0.0,frame_16
59,GLN,0.0,frame_16
60,ARG,0.0,frame_16
61,LEU,0.0,frame_16
62,ASN,0.0,frame_16
63,GLN,0.0,frame_16
64,ASP,0.0,frame_16
65,THR,0.0,frame_16
66,GLN,0.0,frame_16
67,GLU,0.0,frame_16
68,ALA,0.0,frame_16
69,LYS,0.0,frame_16
70,LYS,0.0,frame_16
71,TRP,0.0,frame_16
72,GLU,0.0,frame_16
73,ASP,0.0,frame_16
74,ARG,0.0,frame_16
75,ALA,0.0,frame_16
76,LYS,0.0,frame_16
77,LEU,0.0,frame_16
78,ALA,0.0,frame_16
79,LEU,0.0008999100089991,frame_16
80,THR,0.0062993700629937,frame_16
81,ASN,0.0387961203879612,frame_16
82,GLY,0.0545945405459454,frame_16
83,GLU,0.0542945705429457,frame_16
84,GLU,0.0428957104289571,frame_16
85,ASN,0.0677932206779322,frame_16
86,LEU,0.0057994200579942,frame_16
87,ALA,0.0,frame_16
88,ARG,0.04999500049995,frame_16
89,GLU,0.0336966303369663,frame_16
90,ALA,0.0,frame_16
91,LEU,0.0,frame_16
92,ALA,0.0,frame_16
93,ARG,0.0018998100189981,frame_16
94,LYS,0.0,frame_16
95,LYS,0.0003999600039996,frame_16
96,SER,0.0,frame_16
97,LEU,0.0,frame_16
98,THR,0.0,frame_16
99,ASP,0.0,frame_16
100,THR,0.0,frame_16
101,ALA,0.0,frame_16
102,ALA,0.0,frame_16
103,ALA,0.0,frame_16
104,TYR,0.0,frame_16
105,GLN,0.0,frame_16
106,THR,0.0,frame_16
107,GLN,0.0,frame_16
108,LEU,0.0,frame_16
109,ALA,0.0,frame_16
110,GLN,0.0,frame_16
111,GLN,0.0,frame_16
112,ARG,0.0,frame_16
113,THR,0.0,frame_16
114,MET,0.0,frame_16
115,SER,0.0,frame_16
116,GLU,0.0,frame_16
117,ASN,0.0,frame_16
118,LEU,0.0,frame_16
119,ARG,0.0,frame_16
120,ARG,0.0,frame_16
121,ASN,0.0,frame_16
122,LEU,0.0,frame_16
123,ALA,0.0,frame_16
124,ALA,0.0,frame_16
125,LEU,0.0,frame_16
126,GLU,0.0,frame_16
127,ALA,0.0,frame_16
128,LYS,0.0,frame_16
129,ILE,0.0,frame_16
130,SER,0.0,frame_16
131,GLU,0.0,frame_16
132,ALA,0.0,frame_16
133,LYS,0.0,frame_16
134,THR,0.0,frame_16
135,LYS,0.0,frame_16
136,LYS,0.0,frame_16
137,ASN,0.0,frame_16
138,MET,0.0,frame_16
139,LEU,0.0,frame_16
140,GLN,0.0,frame_16
141,ALA,0.0,frame_16
142,ARG,0.0,frame_16
143,ALA,0.0,frame_16
144,LYS,0.0,frame_16
145,ALA,0.0,frame_16
146,ALA,0.0,frame_16
147,LYS,0.0,frame_16
148,ALA,0.0,frame_16
149,ASN,0.0,frame_16
150,ALA,0.000999900009999,frame_16
151,GLU,0.0002999700029997,frame_16
152,LEU,0.008999100089991,frame_16
153,GLN,0.0004999500049995,frame_16
154,GLN,0.0004999500049995,frame_16
155,THR,0.0,frame_16
156,LEU,0.000999900009999,frame_16
